{"BatchNorm_0": {"mean": [-53.38301467895508, 16.652677536010742, -93.38525390625, -52.44956588745117, -71.9560546875, 51.2383918762207, -152.0841827392578, -25.50129508972168], "var": [70.7925796508789, 6.160043716430664, 70.95967864990234, 31.423860549926758, 37.08371353149414, 37.17781448364258, 180.620849609375, 31.697492599487305]}, "BatchNorm_1": {"mean": [-0.539824366569519, 0.2208300679922104, -0.29131513833999634, -0.2629653513431549, 0.040557075291872025, -0.06709008663892746, 0.025624234229326248, 0.7402867078781128], "var": [1.0711548328399658, 0.4767402112483978, 1.0997328758239746, 1.2638918161392212, 0.750329852104187, 0.851125180721283, 0.11213529109954834, 3.2973506450653076]}, "BatchNorm_2": {"mean": [0.22876882553100586, 0.19706249237060547, 0.33323052525520325, -0.36494743824005127, 0.03224710747599602, 0.3895736038684845, 0.44062262773513794, 0.05983603745698929], "var": [0.27674269676208496, 0.1562344878911972, 0.37834757566452026, 0.12332864105701447, 0.30326536297798157, 0.6854941248893738, 0.24127817153930664, 0.07649385184049606]}}