{"BatchNorm_0": {"mean": [-50.0783576965332, 17.04502296447754, -93.64772033691406, -53.06562042236328, -71.73123931884766, 51.07457733154297, -152.71112060546875, -24.97088050842285], "var": [68.33765411376953, 6.10347843170166, 70.17118072509766, 32.2089729309082, 36.409236907958984, 35.899803161621094, 180.3946990966797, 31.00009536743164]}, "BatchNorm_1": {"mean": [-0.6811593174934387, 0.18489998579025269, -0.29708921909332275, -0.31706151366233826, -0.06519650667905807, -0.03569778800010681, 0.036700498312711716, 0.8296680450439453], "var": [1.195801019668579, 0.5736566185951233, 1.083132028579712, 1.5921411514282227, 1.0354440212249756, 0.8196160793304443, 0.14479297399520874, 4.310091495513916]}, "BatchNorm_2": {"mean": [0.31802061200141907, 0.1266666203737259, 0.4054350256919861, -0.497806191444397, -0.01707460731267929, 0.3006269931793213, 0.48948362469673157, 0.18351705372333527], "var": [0.25735244154930115, 0.12307533621788025, 0.2383260726928711, 0.09673093259334564, 0.23698332905769348, 0.538279116153717, 0.1692333221435547, 0.05745101347565651]}}